file,lines,automated_security_signals
MagiDesk.Tests/BoxClassificationTests.cs,170,deserialize
MagiDesk.Tests/DesktopLayoutTests.cs,159,deserialize
MagiDesk.Tests/DesktopLiveRecoveryTests.cs,143,filesystem;deserialize
MagiDesk.Tests/DesktopMembershipTests.cs,276,filesystem;deserialize
MagiDesk.Tests/DesktopMonitorTests.cs,166,deserialize
MagiDesk.Tests/DesktopRecoveryTests.cs,170,filesystem;deserialize
MagiDesk.Tests/DesktopSortCommandTests.cs,65,native
MagiDesk.Tests/DesktopStartupTests.cs,272,filesystem
MagiDesk.Tests/DesktopTabGroupTests.cs,177,deserialize
MagiDesk.Tests/DesktopTypeSortTests.cs,71,filesystem
MagiDesk.Tests/DockCollectionTests.cs,266,deserialize
MagiDesk.Tests/DockFloatingTests.cs,118,deserialize
MagiDesk.Tests/DockMembershipStripTests.cs,48,none
MagiDesk.Tests/DockRefreshTests.cs,27,none
MagiDesk.Tests/EdgeSnapTests.cs,87,none
MagiDesk.Tests/HeadlessTests.cs,1770,process;filesystem;deserialize
MagiDesk.Tests/LinkedResizeGroupTests.cs,58,none
MagiDesk.Tests/LinkedWindowResizeTests.cs,69,deserialize
MagiDesk.Tests/MagiDesk.Tests.csproj,16,none
MagiDesk.Tests/MouseHookThreadTests.cs,80,none
MagiDesk.Tests/Program.cs,1089,process;native
MagiDesk.Tests/RecycleBinDropTests.cs,67,filesystem
MagiDesk.Tests/ReleaseReadinessTests.cs,89,filesystem;deserialize
MagiDesk.Tests/ThumbnailOrientationTests.cs,47,native
MagiDesk.Tests/UpdateTests.cs,156,network;filesystem
MagiDesk.Tests/ZoneDividerTests.cs,223,none
MagiDesk/App.xaml,29,none
MagiDesk/App.xaml.cs,275,native;ipc
MagiDesk/AssemblyInfo.cs,10,none
MagiDesk/Config/AppConfig.cs,372,deserialize
MagiDesk/Config/BoxClassificationRule.cs,9,none
MagiDesk/Config/BrowserBadgePosition.cs,22,none
MagiDesk/Config/BrowserDockGroup.cs,62,none
MagiDesk/Config/BrowserProfileSettings.cs,111,none
MagiDesk/Config/DesktopBox.cs,87,none
MagiDesk/Config/DesktopIconPosition.cs,10,none
MagiDesk/Config/DesktopMemberReference.cs,11,none
MagiDesk/Config/DesktopTab.cs,17,none
MagiDesk/Config/DesktopTabGroups.cs,36,none
MagiDesk/Config/DesktopTabMigration.cs,53,none
MagiDesk/Config/DockApplication.cs,15,none
MagiDesk/Config/DockCollection.cs,21,none
MagiDesk/Controls/DockMembershipStrip.cs,132,none
MagiDesk/Controls/DockProjectManager.Applications.cs,111,deserialize
MagiDesk/Controls/DockProjectManager.Icons.cs,68,none
MagiDesk/Controls/DockProjectManager.LibraryActions.cs,108,none
MagiDesk/Controls/DockProjectManager.xaml,246,none
MagiDesk/Controls/DockProjectManager.xaml.cs,558,deserialize
MagiDesk/Controls/DockTargetPicker.cs,108,none
MagiDesk/Features/AltDragger.cs,642,none
MagiDesk/Features/BrowserBadges/AvatarImageLoader.cs,29,none
MagiDesk/Features/BrowserBadges/AvatarTextEditorWindow.xaml,219,none
MagiDesk/Features/BrowserBadges/AvatarTextEditorWindow.xaml.cs,333,none
MagiDesk/Features/BrowserBadges/BadgePositionSession.cs,58,none
MagiDesk/Features/BrowserBadges/BadgeSettingsSnapshot.cs,33,none
MagiDesk/Features/BrowserBadges/BadgeWindow.CopyName.cs,112,none
MagiDesk/Features/BrowserBadges/BadgeWindow.xaml,53,none
MagiDesk/Features/BrowserBadges/BadgeWindow.xaml.cs,666,native
MagiDesk/Features/BrowserBadges/BrowserBadgeService.cs,765,none
MagiDesk/Features/BrowserBadges/BrowserInfo.cs,153,none
MagiDesk/Features/BrowserBadges/ChromeAumid.cs,49,none
MagiDesk/Features/BrowserBadges/ChromeProfile.cs,27,none
MagiDesk/Features/BrowserBadges/ChromeProfileCatalog.cs,72,none
MagiDesk/Features/BrowserBadges/ChromeShortcutAumid.cs,68,none
MagiDesk/Features/BrowserBadges/ProcessCommandLine.cs,69,none
MagiDesk/Features/BrowserBadges/ProcessLookupCache.cs,12,none
MagiDesk/Features/BrowserBadges/WindowAumid.cs,98,native
MagiDesk/Features/DesktopFences/BoxAppearanceScope.cs,31,none
MagiDesk/Features/DesktopFences/BoxClassification.cs,118,none
MagiDesk/Features/DesktopFences/BoxClassificationDialog.cs,78,none
MagiDesk/Features/DesktopFences/DesktopBoxDefaults.cs,81,none
MagiDesk/Features/DesktopFences/DesktopFenceService.LiveRecovery.cs,112,none
MagiDesk/Features/DesktopFences/DesktopFenceService.Peek.cs,123,none
MagiDesk/Features/DesktopFences/DesktopFenceService.Surface.cs,285,none
MagiDesk/Features/DesktopFences/DesktopFenceService.Tabs.cs,88,none
MagiDesk/Features/DesktopFences/DesktopFenceService.cs,580,filesystem
MagiDesk/Features/DesktopFences/DesktopIconLayout.cs,120,none
MagiDesk/Features/DesktopFences/DesktopIcons.cs,284,native
MagiDesk/Features/DesktopFences/DesktopItems.cs,224,process;native
MagiDesk/Features/DesktopFences/DesktopMembershipRecovery.cs,143,none
MagiDesk/Features/DesktopFences/DesktopMembershipSnapshot.cs,44,none
MagiDesk/Features/DesktopFences/DesktopMonitorLayout.cs,74,none
MagiDesk/Features/DesktopFences/DesktopPathRename.cs,46,none
MagiDesk/Features/DesktopFences/DesktopShellMenu.cs,217,native
MagiDesk/Features/DesktopFences/DesktopShellState.cs,52,native
MagiDesk/Features/DesktopFences/DesktopSortCommand.cs,41,native
MagiDesk/Features/DesktopFences/DesktopSurfaceLease.cs,128,process;native;ipc
MagiDesk/Features/DesktopFences/DesktopVisibilityState.cs,28,none
MagiDesk/Features/DesktopFences/FenceBoxWindow.DesktopLayout.cs,163,deserialize
MagiDesk/Features/DesktopFences/FenceBoxWindow.Tabs.cs,180,none
MagiDesk/Features/DesktopFences/FenceBoxWindow.cs,2238,native;deserialize
MagiDesk/Features/DesktopFences/FenceKeyboardNavigation.cs,33,none
MagiDesk/Features/DesktopFences/FenceRename.cs,18,none
MagiDesk/Features/DesktopFences/FolderDrop.cs,58,none
MagiDesk/Features/DesktopFences/MappedFolderRecovery.cs,28,none
MagiDesk/Features/DesktopFences/RecycleBinDrop.cs,39,none
MagiDesk/Features/DesktopFences/ShellContextMenu.cs,327,native
MagiDesk/Features/DesktopFences/ShellMenuPrewarmer.cs,56,none
MagiDesk/Features/DesktopFences/ShellNewItemSite.cs,82,native
MagiDesk/Features/DesktopFences/ShellOps.cs,173,native;deserialize
MagiDesk/Features/DesktopFences/ShellThumbnail.cs,164,native
MagiDesk/Features/DesktopFences/TextPrompt.cs,36,none
MagiDesk/Features/DesktopFences/ThumbnailLoader.cs,86,none
MagiDesk/Features/DesktopFences/VirtualItemCanvas.cs,200,none
MagiDesk/Features/EdgeSnap/EdgeSnapEngine.cs,308,native
MagiDesk/Features/EdgeSnap/SnapGuideWindow.cs,81,native
MagiDesk/Features/EdgeSnap/SnapOcclusion.cs,53,none
MagiDesk/Features/LinkedResizeGroup.cs,86,none
MagiDesk/Features/LinkedResizeHint.cs,418,ipc
MagiDesk/Features/LinkedWindowResize.cs,316,none
MagiDesk/Features/ProfileDock/AppBarHost.cs,122,native
MagiDesk/Features/ProfileDock/ChromeLauncher.cs,77,process
MagiDesk/Features/ProfileDock/ChromeShortcutFinder.cs,109,none
MagiDesk/Features/ProfileDock/DockApplicationIcons.cs,24,none
MagiDesk/Features/ProfileDock/DockApplicationRuntime.Instances.cs,120,none
MagiDesk/Features/ProfileDock/DockApplicationRuntime.cs,170,process
MagiDesk/Features/ProfileDock/DockBackdrop.cs,130,native
MagiDesk/Features/ProfileDock/DockCollections.cs,147,none
MagiDesk/Features/ProfileDock/DockFloatingLayout.cs,43,none
MagiDesk/Features/ProfileDock/DockGroups.cs,122,none
MagiDesk/Features/ProfileDock/DockIconSizing.cs,18,none
MagiDesk/Features/ProfileDock/DockItem.cs,18,none
MagiDesk/Features/ProfileDock/DockItemRefreshSignature.cs,11,none
MagiDesk/Features/ProfileDock/DockLibraryCategory.cs,21,none
MagiDesk/Features/ProfileDock/DockPalette.cs,116,none
MagiDesk/Features/ProfileDock/DockPositionMemory.cs,41,none
MagiDesk/Features/ProfileDock/DockPreviewWindow.cs,178,none
MagiDesk/Features/ProfileDock/DockProjectMembership.cs,28,none
MagiDesk/Features/ProfileDock/DockRunningItems.cs,46,none
MagiDesk/Features/ProfileDock/DockWindowPeek.cs,73,none
MagiDesk/Features/ProfileDock/ProfileDockService.Applications.cs,203,none
MagiDesk/Features/ProfileDock/ProfileDockService.cs,423,none
MagiDesk/Features/ProfileDock/ProfileDockWindow.ApplicationMenu.cs,64,none
MagiDesk/Features/ProfileDock/ProfileDockWindow.Floating.cs,217,none
MagiDesk/Features/ProfileDock/ProfileDockWindow.Overflow.cs,107,none
MagiDesk/Features/ProfileDock/ProfileDockWindow.Preview.cs,99,none
MagiDesk/Features/ProfileDock/ProfileDockWindow.Refresh.cs,85,none
MagiDesk/Features/ProfileDock/ProfileDockWindow.RevealHint.cs,91,native
MagiDesk/Features/ProfileDock/ProfileDockWindow.xaml,105,none
MagiDesk/Features/ProfileDock/ProfileDockWindow.xaml.cs,1291,native;deserialize
MagiDesk/Features/QuickGrid/MonitorWallpaper.cs,68,native
MagiDesk/Features/QuickGrid/QuickGridCells.cs,10,none
MagiDesk/Features/QuickGrid/QuickGridPreviewWindow.cs,99,native
MagiDesk/Features/QuickGrid/QuickGridService.cs,113,none
MagiDesk/Features/QuickGrid/QuickGridWindow.xaml,162,none
MagiDesk/Features/QuickGrid/QuickGridWindow.xaml.cs,855,native
MagiDesk/Features/ResizeRequestWorker.cs,85,none
MagiDesk/Features/StartupRegistration.cs,52,none
MagiDesk/Features/SymmetricResize.cs,23,none
MagiDesk/Features/TrayService.cs,165,none
MagiDesk/Features/Updates/ReleaseVersion.cs,35,none
MagiDesk/Features/Updates/UpdateInstaller.cs,52,process
MagiDesk/Features/Updates/UpdateRelease.cs,54,none
MagiDesk/Features/Updates/UpdateService.cs,203,process;network;filesystem
MagiDesk/Features/Zones/GridLayout.cs,307,none
MagiDesk/Features/Zones/LayoutCycle.cs,21,none
MagiDesk/Features/Zones/LayoutProfile.cs,118,deserialize
MagiDesk/Features/Zones/LayoutTree.cs,982,none
MagiDesk/Features/Zones/MonitorEnumerator.cs,53,none
MagiDesk/Features/Zones/RelRect.cs,13,none
MagiDesk/Features/Zones/SnapMemory.cs,38,none
MagiDesk/Features/Zones/SnapService.cs,208,none
MagiDesk/Features/Zones/SnapVisibilityScope.cs,100,none
MagiDesk/Features/Zones/Zone.cs,12,none
MagiDesk/Features/Zones/ZoneEditorWindow.xaml,135,none
MagiDesk/Features/Zones/ZoneEditorWindow.xaml.cs,943,none
MagiDesk/Features/Zones/ZoneOverlayWindow.xaml,14,none
MagiDesk/Features/Zones/ZoneOverlayWindow.xaml.cs,396,native
MagiDesk/Features/Zones/ZonesEngine.cs,736,none
MagiDesk/Hooks/LowLevelMouseHook.cs,107,ipc
MagiDesk/Hooks/MouseHookThread.cs,76,none
MagiDesk/Infrastructure/AppMemoryTrace.cs,34,native
MagiDesk/Infrastructure/AsyncResourceCache.cs,164,none
MagiDesk/Infrastructure/CancellationLifetime.cs,13,none
MagiDesk/Infrastructure/CoalescedAction.cs,13,none
MagiDesk/Infrastructure/ConfigStorage.cs,76,filesystem
MagiDesk/Infrastructure/ContentTaskScheduler.cs,13,none
MagiDesk/Infrastructure/DesktopRenderExperiment.cs,8,none
MagiDesk/Infrastructure/DiagnosticLog.cs,58,filesystem
MagiDesk/Infrastructure/ManagedFilePath.cs,12,none
MagiDesk/Infrastructure/ProgressiveResource.cs,17,none
MagiDesk/Infrastructure/RefreshVersion.cs,10,none
MagiDesk/Infrastructure/RenderPhaseCounter.cs,18,none
MagiDesk/Infrastructure/ServiceLifecycle.cs,23,none
MagiDesk/Infrastructure/StartupTrace.cs,129,none
MagiDesk/MagiDesk.csproj,51,none
MagiDesk/MainWindow.xaml,148,none
MagiDesk/MainWindow.xaml.cs,172,none
MagiDesk/Native/AuxiliaryWindow.cs,49,none
MagiDesk/Native/BrowserCommandLine.cs,35,native
MagiDesk/Native/DesktopDrawProbe.cs,90,none
MagiDesk/Native/DesktopFileIdentity.cs,76,native
MagiDesk/Native/DesktopIconVisibilityProbe.cs,232,native;filesystem;ipc
MagiDesk/Native/DesktopMonitors.cs,38,native
MagiDesk/Native/DesktopShellChanges.cs,69,native
MagiDesk/Native/DesktopWindowLayer.cs,30,none
MagiDesk/Native/FullscreenDetector.cs,163,none
MagiDesk/Native/FullscreenWatcher.cs,99,none
MagiDesk/Native/NativeConstants.cs,66,none
MagiDesk/Native/NativeLibraryPolicy.cs,5,native
MagiDesk/Native/NativeMethods.cs,288,native;ipc
MagiDesk/Pages/AboutPage.xaml,60,none
MagiDesk/Pages/AboutPage.xaml.cs,53,none
MagiDesk/Pages/BrowserBadgesPage.Batch.cs,124,none
MagiDesk/Pages/BrowserBadgesPage.xaml,177,none
MagiDesk/Pages/BrowserBadgesPage.xaml.cs,825,filesystem;deserialize
MagiDesk/Pages/BrowserLaunchPage.xaml,16,none
MagiDesk/Pages/BrowserLaunchPage.xaml.cs,87,none
MagiDesk/Pages/DesktopFencesPage.xaml,131,none
MagiDesk/Pages/DesktopFencesPage.xaml.cs,379,none
MagiDesk/Pages/DockContentPage.cs,14,none
MagiDesk/Pages/DockLibraryPage.cs,12,none
MagiDesk/Pages/ProfileDockPage.xaml,254,none
MagiDesk/Pages/ProfileDockPage.xaml.cs,284,none
MagiDesk/Pages/QuickGridPage.xaml,190,none
MagiDesk/Pages/QuickGridPage.xaml.cs,479,none
MagiDesk/Pages/SettingsPage.xaml,84,none
MagiDesk/Pages/SettingsPage.xaml.cs,77,none
MagiDesk/Pages/WindowDragPage.xaml,282,none
MagiDesk/Pages/WindowDragPage.xaml.cs,190,none
MagiDesk/Pages/ZonesPage.xaml,123,none
MagiDesk/Pages/ZonesPage.xaml.cs,615,none
MagiDesk/app.manifest,18,none
installer/ChineseSimplified.isl,52,none
installer/MagiDesk.iss,84,ipc
native/DesktopDrawProbe/CMakeLists.txt,11,none
native/DesktopDrawProbe/DesktopDrawProbe.cpp,692,native;ipc
native/DesktopDrawProbe/build.ps1,41,none
scripts/Capture-DesktopStartup.ps1,31,none
scripts/Publish-Release.ps1,69,none
